Workbook

Sheet Scorecard
A1: Yellow = you type or paste. Green = automatic. Dataset facts come from the 'Datasets' sheet; weights from 'Rules'.
A2: Sno | B2: Team | C2: Track (Dataset Code) | D2: Kind 1 given | E2: Kind 1 names available (comma separated; given pattern first) | F2: Kind 1 names identified beyond the given one (comma separated) | G2: Kind 1 Coverage Percent | H2: Kind 1 selection justified? Scale (1-10) Give 1 for not able to explain and 10 for the best explanation. All else in between | I2: Kind 2 names available (comma separated) | J2: Kind 2 names rejected (comma separated; list only traps the team rejected) | K2: Kind 2 Coverage Percent | L2: Kind 2 rejection justified? Scale (1-10) Give 1 for not able to explain and 10 for the best explanation. All else in between | M2: From the public queries, any observation where Baseline and grounded answers do not agree?Scale (1-10) Give 1 for not able to explain and 10 for the best explanation. All else in between | N2: Ability to explain the public outcomes? Including regular expressions and the graph (neo4j visual, or the lookup tables for no-Neo4j teams). Check public pack from submission. Scale (1-10) Give 1 for not able to explain and 10 for the best explanation. All else in between | O2: Number of Hidden Adversarial queries | P2: Number of Grounded Pass in Hidden Adversarial queries | Q2: Hidden adversarial Coverage percent | R2: Number of Hidden Positive Queries | S2: Number of Grounded Pass in Hidden Positive queries | T2: Hidden positive Coverage percent | U2: Runs the notebook end to end with demo clarity. Scale (1-10) Give 1 for not able to explain and 10 for the best explanation. All else in between. | V2: Coverage percent (average of the four percentages) | W2: Qualitative Coverage (Scale questions / Total) | X2: Patterns score (0-100) | Y2: Explaining outcomes (0-100) | Z2: Adversarial credit % (scaled by positive result) | AA2: WEIGHTED TOTAL (0-100) | AB2: Rank
H3: Tip - Scores the EXPLANATION only (finding is already in Kind 1 Coverage). 1 = cannot explain, 10 = every selection explained accurately. Refer Reference solution notebook | L3: Tip - Scores the EXPLANATION only. If nothing was rejected give 1. 10 = every rejection explained with evidence from the data. Refer Reference solution notebook | M3: Tip - Finds one or more such baselines - 2, Explains why baseline fails - 4, explains why grounded worked - 4 | N3: Tip - Explains Regex patterns - 2, Explains neo4j visual 4, explain public outcomes - 4 | U3: Tip - End to end run 5, Demo clarity 5
A4: 1 | B4: Sample1 | C4: PAY | D4: =IF(C4="","",IFERROR(VLOOKUP(C4,Datasets!$A$2:$D$6,2,FALSE()),"")) | E4: =IF(C4="","",IFERROR(VLOOKUP(C4,Datasets!$A$2:$D$6,3,FALSE()),"")) | F4: Invoice | G4: =IF(C4="","",MIN(100,IF(TRIM(F4)="",0,LEN(F4)-LEN(SUBSTITUTE(F4,",",""))+1)/Rules!$B$9*100)) | H4: 1 | I4: =IF(C4="","",IFERROR(VLOOKUP(C4,Datasets!$A$2:$D$6,4,FALSE()),"")) | K4: =IF(C4="","",MIN(100,IF(TRIM(J4)="",0,LEN(J4)-LEN(SUBSTITUTE(J4,",",""))+1)/Rules!$B$10*100)) | L4: 1 | M4: 6 | N4: 1 | O4: =IF(C4="","",9) | P4: 9 | Q4: =IF(OR(C4="",P4=""),"",P4/O4*100) | R4: =IF(C4="","",4) | S4: 1 | T4: =IF(OR(C4="",S4=""),"",S4/R4*100) | U4: 8 | V4: =IF(OR(G4="",K4="",Q4="",T4=""),"",ROUND(AVERAGE(G4,K4,Q4,T4),0)) | W4: =IF(COUNT(H4,L4,M4,N4,U4)<5,"",ROUND((H4+L4+M4+N4+U4)/50*100,0)) | X4: =IF(OR(G4="",K4="",H4="",L4=""),"",ROUND(AVERAGE(G4,K4,H4*10,L4*10),1)) | Y4: =IF(COUNT(M4,N4)<2,"",ROUND((M4+N4)/20*100,1)) | Z4: =IF(OR(Q4="",T4=""),"",ROUND(IF(Rules!$B$8=1,Q4*(0.5+0.5*T4/100),Q4),1)) | AA4: =IF(OR(Z4="",T4="",X4="",Y4="",U4=""),"",ROUND((Rules!$B$3*Z4+Rules!$B$4*T4+Rules!$B$5*X4+Rules!$B$6*Y4+Rules!$B$7*U4*10)/100,1)) | AB4: =IF(AA4="","",RANK(AA4,$AA$4:$AA$33,0))
A5: 2 | B5: Sample2 | C5: RISK | D5: =IF(C5="","",IFERROR(VLOOKUP(C5,Datasets!$A$2:$D$6,2,FALSE()),"")) | E5: =IF(C5="","",IFERROR(VLOOKUP(C5,Datasets!$A$2:$D$6,3,FALSE()),"")) | F5: Incident | G5: =IF(C5="","",MIN(100,IF(TRIM(F5)="",0,LEN(F5)-LEN(SUBSTITUTE(F5,",",""))+1)/Rules!$B$9*100)) | H5: 2 | I5: =IF(C5="","",IFERROR(VLOOKUP(C5,Datasets!$A$2:$D$6,4,FALSE()),"")) | J5: Rack | K5: =IF(C5="","",MIN(100,IF(TRIM(J5)="",0,LEN(J5)-LEN(SUBSTITUTE(J5,",",""))+1)/Rules!$B$10*100)) | L5: 2 | M5: 2 | N5: 4 | O5: =IF(C5="","",9) | P5: 9 | Q5: =IF(OR(C5="",P5=""),"",P5/O5*100) | R5: =IF(C5="","",4) | S5: 1 | T5: =IF(OR(C5="",S5=""),"",S5/R5*100) | U5: 8 | V5: =IF(OR(G5="",K5="",Q5="",T5=""),"",ROUND(AVERAGE(G5,K5,Q5,T5),0)) | W5: =IF(COUNT(H5,L5,M5,N5,U5)<5,"",ROUND((H5+L5+M5+N5+U5)/50*100,0)) | X5: =IF(OR(G5="",K5="",H5="",L5=""),"",ROUND(AVERAGE(G5,K5,H5*10,L5*10),1)) | Y5: =IF(COUNT(M5,N5)<2,"",ROUND((M5+N5)/20*100,1)) | Z5: =IF(OR(Q5="",T5=""),"",ROUND(IF(Rules!$B$8=1,Q5*(0.5+0.5*T5/100),Q5),1)) | AA5: =IF(OR(Z5="",T5="",X5="",Y5="",U5=""),"",ROUND((Rules!$B$3*Z5+Rules!$B$4*T5+Rules!$B$5*X5+Rules!$B$6*Y5+Rules!$B$7*U5*10)/100,1)) | AB5: =IF(AA5="","",RANK(AA5,$AA$4:$AA$33,0))
A6: 3 | B6: Sample3 | C6: CLN | D6: =IF(C6="","",IFERROR(VLOOKUP(C6,Datasets!$A$2:$D$6,2,FALSE()),"")) | E6: =IF(C6="","",IFERROR(VLOOKUP(C6,Datasets!$A$2:$D$6,3,FALSE()),"")) | F6: Patient, Prescription | G6: =IF(C6="","",MIN(100,IF(TRIM(F6)="",0,LEN(F6)-LEN(SUBSTITUTE(F6,",",""))+1)/Rules!$B$9*100)) | H6: 4 | I6: =IF(C6="","",IFERROR(VLOOKUP(C6,Datasets!$A$2:$D$6,4,FALSE()),"")) | J6: Ward, Wing | K6: =IF(C6="","",MIN(100,IF(TRIM(J6)="",0,LEN(J6)-LEN(SUBSTITUTE(J6,",",""))+1)/Rules!$B$10*100)) | L6: 4 | M6: 4 | N6: 6 | O6: =IF(C6="","",9) | P6: 9 | Q6: =IF(OR(C6="",P6=""),"",P6/O6*100) | R6: =IF(C6="","",4) | S6: 1 | T6: =IF(OR(C6="",S6=""),"",S6/R6*100) | U6: 6 | V6: =IF(OR(G6="",K6="",Q6="",T6=""),"",ROUND(AVERAGE(G6,K6,Q6,T6),0)) | W6: =IF(COUNT(H6,L6,M6,N6,U6)<5,"",ROUND((H6+L6+M6+N6+U6)/50*100,0)) | X6: =IF(OR(G6="",K6="",H6="",L6=""),"",ROUND(AVERAGE(G6,K6,H6*10,L6*10),1)) | Y6: =IF(COUNT(M6,N6)<2,"",ROUND((M6+N6)/20*100,1)) | Z6: =IF(OR(Q6="",T6=""),"",ROUND(IF(Rules!$B$8=1,Q6*(0.5+0.5*T6/100),Q6),1)) | AA6: =IF(OR(Z6="",T6="",X6="",Y6="",U6=""),"",ROUND((Rules!$B$3*Z6+Rules!$B$4*T6+Rules!$B$5*X6+Rules!$B$6*Y6+Rules!$B$7*U6*10)/100,1)) | AB6: =IF(AA6="","",RANK(AA6,$AA$4:$AA$33,0))
A7: 4 | B7: Sample4 | C7: ORD | D7: =IF(C7="","",IFERROR(VLOOKUP(C7,Datasets!$A$2:$D$6,2,FALSE()),"")) | E7: =IF(C7="","",IFERROR(VLOOKUP(C7,Datasets!$A$2:$D$6,3,FALSE()),"")) | F7: Order, Driver, Customer, Return | G7: =IF(C7="","",MIN(100,IF(TRIM(F7)="",0,LEN(F7)-LEN(SUBSTITUTE(F7,",",""))+1)/Rules!$B$9*100)) | H7: 7 | I7: =IF(C7="","",IFERROR(VLOOKUP(C7,Datasets!$A$2:$D$6,4,FALSE()),"")) | J7: Dock. Zone | K7: =IF(C7="","",MIN(100,IF(TRIM(J7)="",0,LEN(J7)-LEN(SUBSTITUTE(J7,",",""))+1)/Rules!$B$10*100)) | L7: 6 | M7: 7 | N7: 6 | O7: =IF(C7="","",9) | P7: 9 | Q7: =IF(OR(C7="",P7=""),"",P7/O7*100) | R7: =IF(C7="","",4) | S7: 2 | T7: =IF(OR(C7="",S7=""),"",S7/R7*100) | U7: 7 | V7: =IF(OR(G7="",K7="",Q7="",T7=""),"",ROUND(AVERAGE(G7,K7,Q7,T7),0)) | W7: =IF(COUNT(H7,L7,M7,N7,U7)<5,"",ROUND((H7+L7+M7+N7+U7)/50*100,0)) | X7: =IF(OR(G7="",K7="",H7="",L7=""),"",ROUND(AVERAGE(G7,K7,H7*10,L7*10),1)) | Y7: =IF(COUNT(M7,N7)<2,"",ROUND((M7+N7)/20*100,1)) | Z7: =IF(OR(Q7="",T7=""),"",ROUND(IF(Rules!$B$8=1,Q7*(0.5+0.5*T7/100),Q7),1)) | AA7: =IF(OR(Z7="",T7="",X7="",Y7="",U7=""),"",ROUND((Rules!$B$3*Z7+Rules!$B$4*T7+Rules!$B$5*X7+Rules!$B$6*Y7+Rules!$B$7*U7*10)/100,1)) | AB7: =IF(AA7="","",RANK(AA7,$AA$4:$AA$33,0))
A8: 5 | B8: Sample5 | C8: HR | D8: =IF(C8="","",IFERROR(VLOOKUP(C8,Datasets!$A$2:$D$6,2,FALSE()),"")) | E8: =IF(C8="","",IFERROR(VLOOKUP(C8,Datasets!$A$2:$D$6,3,FALSE()),"")) | F8: Employee, Case | G8: =IF(C8="","",MIN(100,IF(TRIM(F8)="",0,LEN(F8)-LEN(SUBSTITUTE(F8,",",""))+1)/Rules!$B$9*100)) | H8: 4 | I8: =IF(C8="","",IFERROR(VLOOKUP(C8,Datasets!$A$2:$D$6,4,FALSE()),"")) | J8: Amount | K8: =IF(C8="","",MIN(100,IF(TRIM(J8)="",0,LEN(J8)-LEN(SUBSTITUTE(J8,",",""))+1)/Rules!$B$10*100)) | L8: 2 | M8: 4 | N8: 4 | O8: =IF(C8="","",9) | P8: 9 | Q8: =IF(OR(C8="",P8=""),"",P8/O8*100) | R8: =IF(C8="","",4) | S8: 1 | T8: =IF(OR(C8="",S8=""),"",S8/R8*100) | U8: 3 | V8: =IF(OR(G8="",K8="",Q8="",T8=""),"",ROUND(AVERAGE(G8,K8,Q8,T8),0)) | W8: =IF(COUNT(H8,L8,M8,N8,U8)<5,"",ROUND((H8+L8+M8+N8+U8)/50*100,0)) | X8: =IF(OR(G8="",K8="",H8="",L8=""),"",ROUND(AVERAGE(G8,K8,H8*10,L8*10),1)) | Y8: =IF(COUNT(M8,N8)<2,"",ROUND((M8+N8)/20*100,1)) | Z8: =IF(OR(Q8="",T8=""),"",ROUND(IF(Rules!$B$8=1,Q8*(0.5+0.5*T8/100),Q8),1)) | AA8: =IF(OR(Z8="",T8="",X8="",Y8="",U8=""),"",ROUND((Rules!$B$3*Z8+Rules!$B$4*T8+Rules!$B$5*X8+Rules!$B$6*Y8+Rules!$B$7*U8*10)/100,1)) | AB8: =IF(AA8="","",RANK(AA8,$AA$4:$AA$33,0))
A9: 6 | D9: =IF(C9="","",IFERROR(VLOOKUP(C9,Datasets!$A$2:$D$6,2,FALSE()),"")) | E9: =IF(C9="","",IFERROR(VLOOKUP(C9,Datasets!$A$2:$D$6,3,FALSE()),"")) | G9: =IF(C9="","",MIN(100,IF(TRIM(F9)="",0,LEN(F9)-LEN(SUBSTITUTE(F9,",",""))+1)/Rules!$B$9*100)) | I9: =IF(C9="","",IFERROR(VLOOKUP(C9,Datasets!$A$2:$D$6,4,FALSE()),"")) | K9: =IF(C9="","",MIN(100,IF(TRIM(J9)="",0,LEN(J9)-LEN(SUBSTITUTE(J9,",",""))+1)/Rules!$B$10*100)) | O9: =IF(C9="","",9) | Q9: =IF(OR(C9="",P9=""),"",P9/O9*100) | R9: =IF(C9="","",4) | T9: =IF(OR(C9="",S9=""),"",S9/R9*100) | V9: =IF(OR(G9="",K9="",Q9="",T9=""),"",ROUND(AVERAGE(G9,K9,Q9,T9),0)) | W9: =IF(COUNT(H9,L9,M9,N9,U9)<5,"",ROUND((H9+L9+M9+N9+U9)/50*100,0)) | X9: =IF(OR(G9="",K9="",H9="",L9=""),"",ROUND(AVERAGE(G9,K9,H9*10,L9*10),1)) | Y9: =IF(COUNT(M9,N9)<2,"",ROUND((M9+N9)/20*100,1)) | Z9: =IF(OR(Q9="",T9=""),"",ROUND(IF(Rules!$B$8=1,Q9*(0.5+0.5*T9/100),Q9),1)) | AA9: =IF(OR(Z9="",T9="",X9="",Y9="",U9=""),"",ROUND((Rules!$B$3*Z9+Rules!$B$4*T9+Rules!$B$5*X9+Rules!$B$6*Y9+Rules!$B$7*U9*10)/100,1)) | AB9: =IF(AA9="","",RANK(AA9,$AA$4:$AA$33,0))
A10: 7 | D10: =IF(C10="","",IFERROR(VLOOKUP(C10,Datasets!$A$2:$D$6,2,FALSE()),"")) | E10: =IF(C10="","",IFERROR(VLOOKUP(C10,Datasets!$A$2:$D$6,3,FALSE()),"")) | G10: =IF(C10="","",MIN(100,IF(TRIM(F10)="",0,LEN(F10)-LEN(SUBSTITUTE(F10,",",""))+1)/Rules!$B$9*100)) | I10: =IF(C10="","",IFERROR(VLOOKUP(C10,Datasets!$A$2:$D$6,4,FALSE()),"")) | K10: =IF(C10="","",MIN(100,IF(TRIM(J10)="",0,LEN(J10)-LEN(SUBSTITUTE(J10,",",""))+1)/Rules!$B$10*100)) | O10: =IF(C10="","",9) | Q10: =IF(OR(C10="",P10=""),"",P10/O10*100) | R10: =IF(C10="","",4) | T10: =IF(OR(C10="",S10=""),"",S10/R10*100) | V10: =IF(OR(G10="",K10="",Q10="",T10=""),"",ROUND(AVERAGE(G10,K10,Q10,T10),0)) | W10: =IF(COUNT(H10,L10,M10,N10,U10)<5,"",ROUND((H10+L10+M10+N10+U10)/50*100,0)) | X10: =IF(OR(G10="",K10="",H10="",L10=""),"",ROUND(AVERAGE(G10,K10,H10*10,L10*10),1)) | Y10: =IF(COUNT(M10,N10)<2,"",ROUND((M10+N10)/20*100,1)) | Z10: =IF(OR(Q10="",T10=""),"",ROUND(IF(Rules!$B$8=1,Q10*(0.5+0.5*T10/100),Q10),1)) | AA10: =IF(OR(Z10="",T10="",X10="",Y10="",U10=""),"",ROUND((Rules!$B$3*Z10+Rules!$B$4*T10+Rules!$B$5*X10+Rules!$B$6*Y10+Rules!$B$7*U10*10)/100,1)) | AB10: =IF(AA10="","",RANK(AA10,$AA$4:$AA$33,0))
A11: 8 | D11: =IF(C11="","",IFERROR(VLOOKUP(C11,Datasets!$A$2:$D$6,2,FALSE()),"")) | E11: =IF(C11="","",IFERROR(VLOOKUP(C11,Datasets!$A$2:$D$6,3,FALSE()),"")) | G11: =IF(C11="","",MIN(100,IF(TRIM(F11)="",0,LEN(F11)-LEN(SUBSTITUTE(F11,",",""))+1)/Rules!$B$9*100)) | I11: =IF(C11="","",IFERROR(VLOOKUP(C11,Datasets!$A$2:$D$6,4,FALSE()),"")) | K11: =IF(C11="","",MIN(100,IF(TRIM(J11)="",0,LEN(J11)-LEN(SUBSTITUTE(J11,",",""))+1)/Rules!$B$10*100)) | O11: =IF(C11="","",9) | Q11: =IF(OR(C11="",P11=""),"",P11/O11*100) | R11: =IF(C11="","",4) | T11: =IF(OR(C11="",S11=""),"",S11/R11*100) | V11: =IF(OR(G11="",K11="",Q11="",T11=""),"",ROUND(AVERAGE(G11,K11,Q11,T11),0)) | W11: =IF(COUNT(H11,L11,M11,N11,U11)<5,"",ROUND((H11+L11+M11+N11+U11)/50*100,0)) | X11: =IF(OR(G11="",K11="",H11="",L11=""),"",ROUND(AVERAGE(G11,K11,H11*10,L11*10),1)) | Y11: =IF(COUNT(M11,N11)<2,"",ROUND((M11+N11)/20*100,1)) | Z11: =IF(OR(Q11="",T11=""),"",ROUND(IF(Rules!$B$8=1,Q11*(0.5+0.5*T11/100),Q11),1)) | AA11: =IF(OR(Z11="",T11="",X11="",Y11="",U11=""),"",ROUND((Rules!$B$3*Z11+Rules!$B$4*T11+Rules!$B$5*X11+Rules!$B$6*Y11+Rules!$B$7*U11*10)/100,1)) | AB11: =IF(AA11="","",RANK(AA11,$AA$4:$AA$33,0))
A12: 9 | D12: =IF(C12="","",IFERROR(VLOOKUP(C12,Datasets!$A$2:$D$6,2,FALSE()),"")) | E12: =IF(C12="","",IFERROR(VLOOKUP(C12,Datasets!$A$2:$D$6,3,FALSE()),"")) | G12: =IF(C12="","",MIN(100,IF(TRIM(F12)="",0,LEN(F12)-LEN(SUBSTITUTE(F12,",",""))+1)/Rules!$B$9*100)) | I12: =IF(C12="","",IFERROR(VLOOKUP(C12,Datasets!$A$2:$D$6,4,FALSE()),"")) | K12: =IF(C12="","",MIN(100,IF(TRIM(J12)="",0,LEN(J12)-LEN(SUBSTITUTE(J12,",",""))+1)/Rules!$B$10*100)) | O12: =IF(C12="","",9) | Q12: =IF(OR(C12="",P12=""),"",P12/O12*100) | R12: =IF(C12="","",4) | T12: =IF(OR(C12="",S12=""),"",S12/R12*100) | V12: =IF(OR(G12="",K12="",Q12="",T12=""),"",ROUND(AVERAGE(G12,K12,Q12,T12),0)) | W12: =IF(COUNT(H12,L12,M12,N12,U12)<5,"",ROUND((H12+L12+M12+N12+U12)/50*100,0)) | X12: =IF(OR(G12="",K12="",H12="",L12=""),"",ROUND(AVERAGE(G12,K12,H12*10,L12*10),1)) | Y12: =IF(COUNT(M12,N12)<2,"",ROUND((M12+N12)/20*100,1)) | Z12: =IF(OR(Q12="",T12=""),"",ROUND(IF(Rules!$B$8=1,Q12*(0.5+0.5*T12/100),Q12),1)) | AA12: =IF(OR(Z12="",T12="",X12="",Y12="",U12=""),"",ROUND((Rules!$B$3*Z12+Rules!$B$4*T12+Rules!$B$5*X12+Rules!$B$6*Y12+Rules!$B$7*U12*10)/100,1)) | AB12: =IF(AA12="","",RANK(AA12,$AA$4:$AA$33,0))
A13: 10 | D13: =IF(C13="","",IFERROR(VLOOKUP(C13,Datasets!$A$2:$D$6,2,FALSE()),"")) | E13: =IF(C13="","",IFERROR(VLOOKUP(C13,Datasets!$A$2:$D$6,3,FALSE()),"")) | G13: =IF(C13="","",MIN(100,IF(TRIM(F13)="",0,LEN(F13)-LEN(SUBSTITUTE(F13,",",""))+1)/Rules!$B$9*100)) | I13: =IF(C13="","",IFERROR(VLOOKUP(C13,Datasets!$A$2:$D$6,4,FALSE()),"")) | K13: =IF(C13="","",MIN(100,IF(TRIM(J13)="",0,LEN(J13)-LEN(SUBSTITUTE(J13,",",""))+1)/Rules!$B$10*100)) | O13: =IF(C13="","",9) | Q13: =IF(OR(C13="",P13=""),"",P13/O13*100) | R13: =IF(C13="","",4) | T13: =IF(OR(C13="",S13=""),"",S13/R13*100) | V13: =IF(OR(G13="",K13="",Q13="",T13=""),"",ROUND(AVERAGE(G13,K13,Q13,T13),0)) | W13: =IF(COUNT(H13,L13,M13,N13,U13)<5,"",ROUND((H13+L13+M13+N13+U13)/50*100,0)) | X13: =IF(OR(G13="",K13="",H13="",L13=""),"",ROUND(AVERAGE(G13,K13,H13*10,L13*10),1)) | Y13: =IF(COUNT(M13,N13)<2,"",ROUND((M13+N13)/20*100,1)) | Z13: =IF(OR(Q13="",T13=""),"",ROUND(IF(Rules!$B$8=1,Q13*(0.5+0.5*T13/100),Q13),1)) | AA13: =IF(OR(Z13="",T13="",X13="",Y13="",U13=""),"",ROUND((Rules!$B$3*Z13+Rules!$B$4*T13+Rules!$B$5*X13+Rules!$B$6*Y13+Rules!$B$7*U13*10)/100,1)) | AB13: =IF(AA13="","",RANK(AA13,$AA$4:$AA$33,0))
A14: 11 | D14: =IF(C14="","",IFERROR(VLOOKUP(C14,Datasets!$A$2:$D$6,2,FALSE()),"")) | E14: =IF(C14="","",IFERROR(VLOOKUP(C14,Datasets!$A$2:$D$6,3,FALSE()),"")) | G14: =IF(C14="","",MIN(100,IF(TRIM(F14)="",0,LEN(F14)-LEN(SUBSTITUTE(F14,",",""))+1)/Rules!$B$9*100)) | I14: =IF(C14="","",IFERROR(VLOOKUP(C14,Datasets!$A$2:$D$6,4,FALSE()),"")) | K14: =IF(C14="","",MIN(100,IF(TRIM(J14)="",0,LEN(J14)-LEN(SUBSTITUTE(J14,",",""))+1)/Rules!$B$10*100)) | O14: =IF(C14="","",9) | Q14: =IF(OR(C14="",P14=""),"",P14/O14*100) | R14: =IF(C14="","",4) | T14: =IF(OR(C14="",S14=""),"",S14/R14*100) | V14: =IF(OR(G14="",K14="",Q14="",T14=""),"",ROUND(AVERAGE(G14,K14,Q14,T14),0)) | W14: =IF(COUNT(H14,L14,M14,N14,U14)<5,"",ROUND((H14+L14+M14+N14+U14)/50*100,0)) | X14: =IF(OR(G14="",K14="",H14="",L14=""),"",ROUND(AVERAGE(G14,K14,H14*10,L14*10),1)) | Y14: =IF(COUNT(M14,N14)<2,"",ROUND((M14+N14)/20*100,1)) | Z14: =IF(OR(Q14="",T14=""),"",ROUND(IF(Rules!$B$8=1,Q14*(0.5+0.5*T14/100),Q14),1)) | AA14: =IF(OR(Z14="",T14="",X14="",Y14="",U14=""),"",ROUND((Rules!$B$3*Z14+Rules!$B$4*T14+Rules!$B$5*X14+Rules!$B$6*Y14+Rules!$B$7*U14*10)/100,1)) | AB14: =IF(AA14="","",RANK(AA14,$AA$4:$AA$33,0))
A15: 12 | D15: =IF(C15="","",IFERROR(VLOOKUP(C15,Datasets!$A$2:$D$6,2,FALSE()),"")) | E15: =IF(C15="","",IFERROR(VLOOKUP(C15,Datasets!$A$2:$D$6,3,FALSE()),"")) | G15: =IF(C15="","",MIN(100,IF(TRIM(F15)="",0,LEN(F15)-LEN(SUBSTITUTE(F15,",",""))+1)/Rules!$B$9*100)) | I15: =IF(C15="","",IFERROR(VLOOKUP(C15,Datasets!$A$2:$D$6,4,FALSE()),"")) | K15: =IF(C15="","",MIN(100,IF(TRIM(J15)="",0,LEN(J15)-LEN(SUBSTITUTE(J15,",",""))+1)/Rules!$B$10*100)) | O15: =IF(C15="","",9) | Q15: =IF(OR(C15="",P15=""),"",P15/O15*100) | R15: =IF(C15="","",4) | T15: =IF(OR(C15="",S15=""),"",S15/R15*100) | V15: =IF(OR(G15="",K15="",Q15="",T15=""),"",ROUND(AVERAGE(G15,K15,Q15,T15),0)) | W15: =IF(COUNT(H15,L15,M15,N15,U15)<5,"",ROUND((H15+L15+M15+N15+U15)/50*100,0)) | X15: =IF(OR(G15="",K15="",H15="",L15=""),"",ROUND(AVERAGE(G15,K15,H15*10,L15*10),1)) | Y15: =IF(COUNT(M15,N15)<2,"",ROUND((M15+N15)/20*100,1)) | Z15: =IF(OR(Q15="",T15=""),"",ROUND(IF(Rules!$B$8=1,Q15*(0.5+0.5*T15/100),Q15),1)) | AA15: =IF(OR(Z15="",T15="",X15="",Y15="",U15=""),"",ROUND((Rules!$B$3*Z15+Rules!$B$4*T15+Rules!$B$5*X15+Rules!$B$6*Y15+Rules!$B$7*U15*10)/100,1)) | AB15: =IF(AA15="","",RANK(AA15,$AA$4:$AA$33,0))
A16: 13 | D16: =IF(C16="","",IFERROR(VLOOKUP(C16,Datasets!$A$2:$D$6,2,FALSE()),"")) | E16: =IF(C16="","",IFERROR(VLOOKUP(C16,Datasets!$A$2:$D$6,3,FALSE()),"")) | G16: =IF(C16="","",MIN(100,IF(TRIM(F16)="",0,LEN(F16)-LEN(SUBSTITUTE(F16,",",""))+1)/Rules!$B$9*100)) | I16: =IF(C16="","",IFERROR(VLOOKUP(C16,Datasets!$A$2:$D$6,4,FALSE()),"")) | K16: =IF(C16="","",MIN(100,IF(TRIM(J16)="",0,LEN(J16)-LEN(SUBSTITUTE(J16,",",""))+1)/Rules!$B$10*100)) | O16: =IF(C16="","",9) | Q16: =IF(OR(C16="",P16=""),"",P16/O16*100) | R16: =IF(C16="","",4) | T16: =IF(OR(C16="",S16=""),"",S16/R16*100) | V16: =IF(OR(G16="",K16="",Q16="",T16=""),"",ROUND(AVERAGE(G16,K16,Q16,T16),0)) | W16: =IF(COUNT(H16,L16,M16,N16,U16)<5,"",ROUND((H16+L16+M16+N16+U16)/50*100,0)) | X16: =IF(OR(G16="",K16="",H16="",L16=""),"",ROUND(AVERAGE(G16,K16,H16*10,L16*10),1)) | Y16: =IF(COUNT(M16,N16)<2,"",ROUND((M16+N16)/20*100,1)) | Z16: =IF(OR(Q16="",T16=""),"",ROUND(IF(Rules!$B$8=1,Q16*(0.5+0.5*T16/100),Q16),1)) | AA16: =IF(OR(Z16="",T16="",X16="",Y16="",U16=""),"",ROUND((Rules!$B$3*Z16+Rules!$B$4*T16+Rules!$B$5*X16+Rules!$B$6*Y16+Rules!$B$7*U16*10)/100,1)) | AB16: =IF(AA16="","",RANK(AA16,$AA$4:$AA$33,0))
A17: 14 | D17: =IF(C17="","",IFERROR(VLOOKUP(C17,Datasets!$A$2:$D$6,2,FALSE()),"")) | E17: =IF(C17="","",IFERROR(VLOOKUP(C17,Datasets!$A$2:$D$6,3,FALSE()),"")) | G17: =IF(C17="","",MIN(100,IF(TRIM(F17)="",0,LEN(F17)-LEN(SUBSTITUTE(F17,",",""))+1)/Rules!$B$9*100)) | I17: =IF(C17="","",IFERROR(VLOOKUP(C17,Datasets!$A$2:$D$6,4,FALSE()),"")) | K17: =IF(C17="","",MIN(100,IF(TRIM(J17)="",0,LEN(J17)-LEN(SUBSTITUTE(J17,",",""))+1)/Rules!$B$10*100)) | O17: =IF(C17="","",9) | Q17: =IF(OR(C17="",P17=""),"",P17/O17*100) | R17: =IF(C17="","",4) | T17: =IF(OR(C17="",S17=""),"",S17/R17*100) | V17: =IF(OR(G17="",K17="",Q17="",T17=""),"",ROUND(AVERAGE(G17,K17,Q17,T17),0)) | W17: =IF(COUNT(H17,L17,M17,N17,U17)<5,"",ROUND((H17+L17+M17+N17+U17)/50*100,0)) | X17: =IF(OR(G17="",K17="",H17="",L17=""),"",ROUND(AVERAGE(G17,K17,H17*10,L17*10),1)) | Y17: =IF(COUNT(M17,N17)<2,"",ROUND((M17+N17)/20*100,1)) | Z17: =IF(OR(Q17="",T17=""),"",ROUND(IF(Rules!$B$8=1,Q17*(0.5+0.5*T17/100),Q17),1)) | AA17: =IF(OR(Z17="",T17="",X17="",Y17="",U17=""),"",ROUND((Rules!$B$3*Z17+Rules!$B$4*T17+Rules!$B$5*X17+Rules!$B$6*Y17+Rules!$B$7*U17*10)/100,1)) | AB17: =IF(AA17="","",RANK(AA17,$AA$4:$AA$33,0))
A18: 15 | D18: =IF(C18="","",IFERROR(VLOOKUP(C18,Datasets!$A$2:$D$6,2,FALSE()),"")) | E18: =IF(C18="","",IFERROR(VLOOKUP(C18,Datasets!$A$2:$D$6,3,FALSE()),"")) | G18: =IF(C18="","",MIN(100,IF(TRIM(F18)="",0,LEN(F18)-LEN(SUBSTITUTE(F18,",",""))+1)/Rules!$B$9*100)) | I18: =IF(C18="","",IFERROR(VLOOKUP(C18,Datasets!$A$2:$D$6,4,FALSE()),"")) | K18: =IF(C18="","",MIN(100,IF(TRIM(J18)="",0,LEN(J18)-LEN(SUBSTITUTE(J18,",",""))+1)/Rules!$B$10*100)) | O18: =IF(C18="","",9) | Q18: =IF(OR(C18="",P18=""),"",P18/O18*100) | R18: =IF(C18="","",4) | T18: =IF(OR(C18="",S18=""),"",S18/R18*100) | V18: =IF(OR(G18="",K18="",Q18="",T18=""),"",ROUND(AVERAGE(G18,K18,Q18,T18),0)) | W18: =IF(COUNT(H18,L18,M18,N18,U18)<5,"",ROUND((H18+L18+M18+N18+U18)/50*100,0)) | X18: =IF(OR(G18="",K18="",H18="",L18=""),"",ROUND(AVERAGE(G18,K18,H18*10,L18*10),1)) | Y18: =IF(COUNT(M18,N18)<2,"",ROUND((M18+N18)/20*100,1)) | Z18: =IF(OR(Q18="",T18=""),"",ROUND(IF(Rules!$B$8=1,Q18*(0.5+0.5*T18/100),Q18),1)) | AA18: =IF(OR(Z18="",T18="",X18="",Y18="",U18=""),"",ROUND((Rules!$B$3*Z18+Rules!$B$4*T18+Rules!$B$5*X18+Rules!$B$6*Y18+Rules!$B$7*U18*10)/100,1)) | AB18: =IF(AA18="","",RANK(AA18,$AA$4:$AA$33,0))
A19: 16 | D19: =IF(C19="","",IFERROR(VLOOKUP(C19,Datasets!$A$2:$D$6,2,FALSE()),"")) | E19: =IF(C19="","",IFERROR(VLOOKUP(C19,Datasets!$A$2:$D$6,3,FALSE()),"")) | G19: =IF(C19="","",MIN(100,IF(TRIM(F19)="",0,LEN(F19)-LEN(SUBSTITUTE(F19,",",""))+1)/Rules!$B$9*100)) | I19: =IF(C19="","",IFERROR(VLOOKUP(C19,Datasets!$A$2:$D$6,4,FALSE()),"")) | K19: =IF(C19="","",MIN(100,IF(TRIM(J19)="",0,LEN(J19)-LEN(SUBSTITUTE(J19,",",""))+1)/Rules!$B$10*100)) | O19: =IF(C19="","",9) | Q19: =IF(OR(C19="",P19=""),"",P19/O19*100) | R19: =IF(C19="","",4) | T19: =IF(OR(C19="",S19=""),"",S19/R19*100) | V19: =IF(OR(G19="",K19="",Q19="",T19=""),"",ROUND(AVERAGE(G19,K19,Q19,T19),0)) | W19: =IF(COUNT(H19,L19,M19,N19,U19)<5,"",ROUND((H19+L19+M19+N19+U19)/50*100,0)) | X19: =IF(OR(G19="",K19="",H19="",L19=""),"",ROUND(AVERAGE(G19,K19,H19*10,L19*10),1)) | Y19: =IF(COUNT(M19,N19)<2,"",ROUND((M19+N19)/20*100,1)) | Z19: =IF(OR(Q19="",T19=""),"",ROUND(IF(Rules!$B$8=1,Q19*(0.5+0.5*T19/100),Q19),1)) | AA19: =IF(OR(Z19="",T19="",X19="",Y19="",U19=""),"",ROUND((Rules!$B$3*Z19+Rules!$B$4*T19+Rules!$B$5*X19+Rules!$B$6*Y19+Rules!$B$7*U19*10)/100,1)) | AB19: =IF(AA19="","",RANK(AA19,$AA$4:$AA$33,0))
A20: 17 | D20: =IF(C20="","",IFERROR(VLOOKUP(C20,Datasets!$A$2:$D$6,2,FALSE()),"")) | E20: =IF(C20="","",IFERROR(VLOOKUP(C20,Datasets!$A$2:$D$6,3,FALSE()),"")) | G20: =IF(C20="","",MIN(100,IF(TRIM(F20)="",0,LEN(F20)-LEN(SUBSTITUTE(F20,",",""))+1)/Rules!$B$9*100)) | I20: =IF(C20="","",IFERROR(VLOOKUP(C20,Datasets!$A$2:$D$6,4,FALSE()),"")) | K20: =IF(C20="","",MIN(100,IF(TRIM(J20)="",0,LEN(J20)-LEN(SUBSTITUTE(J20,",",""))+1)/Rules!$B$10*100)) | O20: =IF(C20="","",9) | Q20: =IF(OR(C20="",P20=""),"",P20/O20*100) | R20: =IF(C20="","",4) | T20: =IF(OR(C20="",S20=""),"",S20/R20*100) | V20: =IF(OR(G20="",K20="",Q20="",T20=""),"",ROUND(AVERAGE(G20,K20,Q20,T20),0)) | W20: =IF(COUNT(H20,L20,M20,N20,U20)<5,"",ROUND((H20+L20+M20+N20+U20)/50*100,0)) | X20: =IF(OR(G20="",K20="",H20="",L20=""),"",ROUND(AVERAGE(G20,K20,H20*10,L20*10),1)) | Y20: =IF(COUNT(M20,N20)<2,"",ROUND((M20+N20)/20*100,1)) | Z20: =IF(OR(Q20="",T20=""),"",ROUND(IF(Rules!$B$8=1,Q20*(0.5+0.5*T20/100),Q20),1)) | AA20: =IF(OR(Z20="",T20="",X20="",Y20="",U20=""),"",ROUND((Rules!$B$3*Z20+Rules!$B$4*T20+Rules!$B$5*X20+Rules!$B$6*Y20+Rules!$B$7*U20*10)/100,1)) | AB20: =IF(AA20="","",RANK(AA20,$AA$4:$AA$33,0))
... A33: 30 | D33: =IF(C33="","",IFERROR(VLOOKUP(C33,Datasets!$A$2:$D$6,2,FALSE()),"")) | E33: =IF(C33="","",IFERROR(VLOOKUP(C33,Datasets!$A$2:$D$6,3,FALSE()),"")) | G33: =IF(C33="","",MIN(100,IF(TRIM(F33)="",0,LEN(F33)-LEN(SUBSTITUTE(F33,",",""))+1)/Rules!$B$9*100)) | I33: =IF(C33="","",IFERROR(VLOOKUP(C33,Datasets!$A$2:$D$6,4,FALSE()),"")) | K33: =IF(C33="","",MIN(100,IF(TRIM(J33)="",0,LEN(J33)-LEN(SUBSTITUTE(J33,",",""))+1)/Rules!$B$10*100)) | O33: =IF(C33="","",9) | Q33: =IF(OR(C33="",P33=""),"",P33/O33*100) | R33: =IF(C33="","",4) | T33: =IF(OR(C33="",S33=""),"",S33/R33*100) | V33: =IF(OR(G33="",K33="",Q33="",T33=""),"",ROUND(AVERAGE(G33,K33,Q33,T33),0)) | W33: =IF(COUNT(H33,L33,M33,N33,U33)<5,"",ROUND((H33+L33+M33+N33+U33)/50*100,0)) | X33: =IF(OR(G33="",K33="",H33="",L33=""),"",ROUND(AVERAGE(G33,K33,H33*10,L33*10),1)) | Y33: =IF(COUNT(M33,N33)<2,"",ROUND((M33+N33)/20*100,1)) | Z33: =IF(OR(Q33="",T33=""),"",ROUND(IF(Rules!$B$8=1,Q33*(0.5+0.5*T33/100),Q33),1)) | AA33: =IF(OR(Z33="",T33="",X33="",Y33="",U33=""),"",ROUND((Rules!$B$3*Z33+Rules!$B$4*T33+Rules!$B$5*X33+Rules!$B$6*Y33+Rules!$B$7*U33*10)/100,1)) | AB33: =IF(AA33="","",RANK(AA33,$AA$4:$AA$33,0))

Sheet Datasets
A1: Code | B1: Kind 1 given | C1: Kind 1 names (given first) | D1: Kind 2 names
A2: ORD | B2: Order | C2: Order, Customer, Driver, Return | D2: Dock, Zone, Quantity, Season
A3: HR | B3: Employee | C3: Employee, Contractor, Manager, Case | D3: Floor, Grade, Amount, Appraisal period
A4: RISK | B4: Incident | C4: Incident, Problem, Risk, Change | D4: Rack, Severity, User count, Month-end close
A5: PAY | B5: Invoice | C5: Invoice, Shipment, Payment, PO | D5: Port, Payment terms, Amount, Settlement period
A6: CLN | B6: Patient | C6: Patient, Prescription, Clinician, Lab | D6: Ward, Wing, Dose, Clinic session
A8: JUDGES ONLY. Look-up table for the Scorecard sheet (Kind 1 given / available, Kind 2 available).

Sheet Rules
A1: Scoring rules and weights (change the yellow cells; the Scorecard recalculates)
A3: Weight: hidden adversarial (no fabricated links) | B3: 30
A4: Weight: hidden positive (affirms real links) | B4: 20
A5: Weight: pattern choices and rationale | B5: 20
A6: Weight: explaining outcomes | B6: 20
A7: Weight: runs end-to-end and demo clarity | B7: 10
A8: Scale adversarial credit by positive result? (1 = yes, 0 = no) | B8: 1
A9: Kind 1 patterns to find beyond the given one | B9: 3
A10: Kind 2 traps per dataset | B10: 4
A11: Weights total | B11: =SUM(B3:B7) | C11: =IF(B11=100,"OK","Weights must add up to 100")
A13: How each score is worked out
A14: Kind 1 coverage % = patterns found beyond the given one / 3. Kind 2 coverage % = traps correctly rejected / 4 (counts of the comma-separated names).
A15: Adversarial credit = hidden adversarial % x (0.5 + 0.5 x hidden positive %) when the toggle is 1. Reason: a team that adds nothing never invents a link, so it would otherwise earn full credit on the biggest criterion for doing nothing.
A16: Patterns score = average of Kind 1 coverage %, Kind 2 coverage %, and the two justification scales x 10.
A17: Explaining outcomes = (baseline-vs-grounded observation + public outcomes scale) / 20 x 100.
A18: Runs and demo = the 1-10 scale x 10.
A19: Weighted total = sum of (weight x score) / 100. Ties: higher adversarial %, then Explaining outcomes, then Patterns score.
A20: Public-pack results are not scored: teams can see those questions. They are used only through the two explanation scales.

Sheet Pilot notes
A1: Baseline pilot result (public pack, run on the starters, Oct 12) and how to use it when scoring
A2: Grounded answers were correct on 8/8 for all five datasets. The baseline (ungrounded) answers differ by dataset.
A4: Dataset | B4: Baseline wrong "yes" (of 8 public) | C4: Which questions | D4: Notes
A5: PAY | B5: 4 | C5: P2, P5, P6, P7 | D5: P4 also leans yes ("likely sent as a follow-up"). Clearest contrast.
A6: CLN | B6: 3 | C6: P1, P4, P5
A7: RISK | B7: 1 | C7: P1 | D7: P5 and P7 invent surrounding detail, but the verdict is right.
A8: HR | B8: 0 | C8: none | D8: Hedges on P3 and P6, right on the rest.
A9: ORD | B9: 0 | C9: none | D9: P6 hedges toward a link ("it is possible").
A11: How to score the column "From the public queries, any observation where Baseline and grounded answers do not agree?" (column M)
A12: • Marks elsewhere are structural, so the five datasets are equally hard for the registry. Only this item depends on how much the baseline fabricated.
A13: • HR and ORD teams will see few or no baseline fabrications on the public pack; PAY and CLN teams will see several.
A14: • Score on whether the team reports what its own run showed, accurately and specifically, not on how many baseline failures it found.
A15: • Example: a team that writes "the baseline got all 8 right here; the grounded side added record IDs and refused P6" earns the same as a PAY team that lists four fabrications.
A16: • Do not compare teams across datasets on the count of baseline failures.
