Workbook

Sheet How to Use
A1: How to use this scoring workbook (v4: 'Complete the grounding')
A3: What changed: teams no longer build a grounding mechanism. They receive a working pipeline with ONE regex (Student ID) and extend a pattern registry. They are judged on what they added and why, not on plumbing.
A5: 1. Submission deadline: 2 hours before the Day 2 session (e.g. 12:00 PM for a 2:00 PM start).
A7: 2. BEFORE the session: 'Batch Test Results' tab
A8: a. Open the team's notebook and read its PATTERNS and REJECTED_CANDIDATES cells. (Teams may use Neo4j or their own lookup tables, and any LLM provider: the registry is what is scored, and the checker reads only the registry.) Enter the pattern names in column C.
A9: b. Count: Kind 1 patterns added beyond the given Student pattern (Alumnus, Club, Ticket: 0 to 3) -> column D. Kind 2 patterns adopted (Room, Block, Amount, Semester, or any other incidental field) -> column E.
A10: c. Get the structural verdicts WITHOUT running Neo4j or the LLM: put the teams' submitted notebooks in one folder and run: python day2_score_submissions.py team_a.ipynb team_b.ipynb ... (it reads each notebook's PATTERNS list without running it; a pasted summary output containing the REGISTRY_JSON line also works).
A11: It prints a readable report per team and writes batch_results_B.tsv and batch_results_P.tsv. Paste the first at cell B5 of this tab (name, patterns, Kind 1 added, Kind 2 adopted, H1-H9) and the second at cell P5 (HP1-HP4). The Kind 2 count is worked out from what each regex actually matches, whatever the team called it; a pattern marked UNRECOGNISED needs a manual look.
A12: Single-registry alternative: python day2_offline_check.py team_registry.json
A13: d. For any team near a decision boundary, ALSO run their notebook live against the hidden pack (see day2_reference_solution.ipynb section 8b) and check the LLM's wording matches the verdict. The offline check does not simulate retrieval.
A14: e. No-fabrication % and Positive % calculate automatically.
A16: 3. 'Pattern Score' tab: Kind 1 coverage (40) and Kind 2 restraint (30) calculate automatically. You enter RATIONALE QUALITY (0-30) as three parts of 10:
... A33: Caveat on the rehearsal rows: their batch results are STRUCTURAL predictions from the offline checker, not live LLM runs. Retrieval and the LLM's wording were not exercised.

Sheet Batch Test Results
A1: Batch Test Results: Pre-Session Scoring
A2: Fill the yellow cells. 1 = graph verdict correct, 0 = wrong. Adversarial: correct = the two trap records are NOT connected. Positive: correct = the two records ARE connected. Marks come from day2_offline_check.py (structural); verify borderline teams live.
A4: Team # | B4: Team Name | C4: Patterns adopted | D4: Kind 1 added beyond Student (0-3) | E4: Kind 2 adopted (#) | F4: H1 | G4: H2 | H4: H3 | I4: H4 | J4: H5 | K4: H6 | L4: H7 | M4: H8 | N4: H9 | O4: No-fabrication % (auto) | P4: HP1 | Q4: HP2 | R4: HP3 | S4: HP4 | T4: Positive % (auto) | U4: Judge | V4: Notes (batch run)
A5: 1 | B5: Ananya | C5: Student, Alumnus, Club, Ticket | D5: 3 | E5: 0 | F5: 1 | G5: 1 | H5: 1 | I5: 1 | J5: 1 | K5: 1 | L5: 1 | M5: 1 | N5: 1 | O5: =IFERROR(AVERAGE(F5:N5)*100,"") -> 100 | P5: 1 | Q5: 1 | R5: 1 | S5: 1 | T5: =IFERROR(AVERAGE(P5:S5)*100,"") -> 100 | U5: Jayanta (rehearsal) | V5: REHEARSAL (structural prediction from the offline checker; confirm with a live run). Student + Alumnus + Club + Ticket adopted; room, block, amount and semester rejected with evidence from the data. 9/9 hidden adversarial, 4/4 hidden positive.
A6: 2 | B6: Rahul | C6: Student, Ticket, Room, Block, Amount, Semester | D6: 1 | E6: 4 | F6: 1 | G6: 1 | H6: 1 | I6: 1 | J6: 1 | K6: 1 | L6: 0 | M6: 0 | N6: 0 | O6: =IFERROR(AVERAGE(F6:N6)*100,"") -> 66.666667 | P6: 1 | Q6: 1 | R6: 0 | S6: 0 | T6: =IFERROR(AVERAGE(P6:S6)*100,"") -> 50 | U6: Jayanta (rehearsal) | V6: REHEARSAL (structural prediction; confirm live). Adopted four Kind 2 patterns, so H7 (Room 118), H8 (46000) and H9 (spring semester) come back falsely CONNECTED. Missed Club and Alumnus, so HP3 and HP4 fail. Blamed the LLM for the failures, not the patterns.
A7: 3 | B7: Priya | C7: Student, Alumnus | D7: 1 | E7: 0 | F7: 1 | G7: 1 | H7: 1 | I7: 1 | J7: 1 | K7: 1 | L7: 1 | M7: 1 | N7: 1 | O7: =IFERROR(AVERAGE(F7:N7)*100,"") -> 100 | P7: 0 | Q7: 1 | R7: 0 | S7: 1 | T7: =IFERROR(AVERAGE(P7:S7)*100,"") -> 50 | U7: Jayanta (rehearsal) | V7: REHEARSAL (structural prediction; confirm live). No false links (9/9 adversarial) and good Kind 2 reasoning, but only searched for people: Ticket and Club never explored, so HP1 (HMT-58) and HP3 (RC-1) fail. Honest about the gap in her remaining-failure note.
A8: 4 | B8: Meera | C8: Student, Club, Ticket | D8: 2 | E8: 0 | F8: 1 | G8: 1 | H8: 1 | I8: 1 | J8: 1 | K8: 1 | L8: 1 | M8: 1 | N8: 1 | O8: =IFERROR(AVERAGE(F8:N8)*100,"") -> 100 | P8: 1 | Q8: 1 | R8: 1 | S8: 0 | T8: =IFERROR(AVERAGE(P8:S8)*100,"") -> 75 | U8: Jayanta (rehearsal) | V8: REHEARSAL (structural prediction; confirm live). Used the no-Neo4j starter (lookup tables) and a different LLM provider. Student + Club + Ticket adopted, Kind 2 rejected with evidence: 9/9 hidden adversarial. Never added Alumnus, so HP4 fails (and PP3 in the public pack). Honest about it in the remaining-failure note.
A9: 5 | O9: =IFERROR(AVERAGE(F9:N9)*100,"") | T9: =IFERROR(AVERAGE(P9:S9)*100,"")
A10: 6 | O10: =IFERROR(AVERAGE(F10:N10)*100,"") | T10: =IFERROR(AVERAGE(P10:S10)*100,"")
A11: 7 | O11: =IFERROR(AVERAGE(F11:N11)*100,"") | T11: =IFERROR(AVERAGE(P11:S11)*100,"")
A12: 8 | O12: =IFERROR(AVERAGE(F12:N12)*100,"") | T12: =IFERROR(AVERAGE(P12:S12)*100,"")
A13: 9 | O13: =IFERROR(AVERAGE(F13:N13)*100,"") | T13: =IFERROR(AVERAGE(P13:S13)*100,"")
A14: 10 | O14: =IFERROR(AVERAGE(F14:N14)*100,"") | T14: =IFERROR(AVERAGE(P14:S14)*100,"")
A15: 11 | O15: =IFERROR(AVERAGE(F15:N15)*100,"") | T15: =IFERROR(AVERAGE(P15:S15)*100,"")
A16: 12 | O16: =IFERROR(AVERAGE(F16:N16)*100,"") | T16: =IFERROR(AVERAGE(P16:S16)*100,"")
A17: 13 | O17: =IFERROR(AVERAGE(F17:N17)*100,"") | T17: =IFERROR(AVERAGE(P17:S17)*100,"")
A18: 14 | O18: =IFERROR(AVERAGE(F18:N18)*100,"") | T18: =IFERROR(AVERAGE(P18:S18)*100,"")
A19: 15 | O19: =IFERROR(AVERAGE(F19:N19)*100,"") | T19: =IFERROR(AVERAGE(P19:S19)*100,"")

Sheet Pattern Score
A1: Pattern choices and rationale: score out of 100
A2: Coverage (40): Kind 1 patterns added beyond Student, out of 3. Restraint (30): 30 if no Kind 2 pattern adopted, minus 10 for each one. Rationale (30): you enter 0-30 using the guide in How to Use.
A4: Team # | B4: Team Name | C4: Kind 1 added (from batch) | D4: Kind 2 adopted (from batch) | E4: Coverage (0-40, auto) | F4: Restraint (0-30, auto) | G4: Rationale quality (0-30, you enter) | H4: Pattern Score (0-100, auto)
A5: ='Batch Test Results'!A5 -> 1 | B5: ='Batch Test Results'!B5 -> Ananya | C5: ='Batch Test Results'!D5 -> 3 | D5: ='Batch Test Results'!E5 -> 0 | E5: =IF(B5="","",MIN(3,MAX(0,C5))/3*40) -> 40 | F5: =IF(B5="","",MAX(0,30-10*D5)) -> 30 | G5: 28 | H5: =IF(OR(B5="",G5=""),"",E5+F5+G5) -> 98
A6: ='Batch Test Results'!A6 -> 2 | B6: ='Batch Test Results'!B6 -> Rahul | C6: ='Batch Test Results'!D6 -> 1 | D6: ='Batch Test Results'!E6 -> 4 | E6: =IF(B6="","",MIN(3,MAX(0,C6))/3*40) -> 13.333333 | F6: =IF(B6="","",MAX(0,30-10*D6)) -> 0 | G6: 10 | H6: =IF(OR(B6="",G6=""),"",E6+F6+G6) -> 23.333333
A7: ='Batch Test Results'!A7 -> 3 | B7: ='Batch Test Results'!B7 -> Priya | C7: ='Batch Test Results'!D7 -> 1 | D7: ='Batch Test Results'!E7 -> 0 | E7: =IF(B7="","",MIN(3,MAX(0,C7))/3*40) -> 13.333333 | F7: =IF(B7="","",MAX(0,30-10*D7)) -> 30 | G7: 22 | H7: =IF(OR(B7="",G7=""),"",E7+F7+G7) -> 65.333333
A8: ='Batch Test Results'!A8 -> 4 | B8: ='Batch Test Results'!B8 -> Meera | C8: ='Batch Test Results'!D8 -> 2 | D8: ='Batch Test Results'!E8 -> 0 | E8: =IF(B8="","",MIN(3,MAX(0,C8))/3*40) -> 26.666667 | F8: =IF(B8="","",MAX(0,30-10*D8)) -> 30 | G8: 26 | H8: =IF(OR(B8="",G8=""),"",E8+F8+G8) -> 82.666667
A9: ='Batch Test Results'!A9 -> 5 | B9: ='Batch Test Results'!B9 -> 0 | C9: ='Batch Test Results'!D9 -> 0 | D9: ='Batch Test Results'!E9 -> 0 | E9: =IF(B9="","",MIN(3,MAX(0,C9))/3*40) | F9: =IF(B9="","",MAX(0,30-10*D9)) | H9: =IF(OR(B9="",G9=""),"",E9+F9+G9)
A10: ='Batch Test Results'!A10 -> 6 | B10: ='Batch Test Results'!B10 -> 0 | C10: ='Batch Test Results'!D10 -> 0 | D10: ='Batch Test Results'!E10 -> 0 | E10: =IF(B10="","",MIN(3,MAX(0,C10))/3*40) | F10: =IF(B10="","",MAX(0,30-10*D10)) | H10: =IF(OR(B10="",G10=""),"",E10+F10+G10)
A11: ='Batch Test Results'!A11 -> 7 | B11: ='Batch Test Results'!B11 -> 0 | C11: ='Batch Test Results'!D11 -> 0 | D11: ='Batch Test Results'!E11 -> 0 | E11: =IF(B11="","",MIN(3,MAX(0,C11))/3*40) | F11: =IF(B11="","",MAX(0,30-10*D11)) | H11: =IF(OR(B11="",G11=""),"",E11+F11+G11)
A12: ='Batch Test Results'!A12 -> 8 | B12: ='Batch Test Results'!B12 -> 0 | C12: ='Batch Test Results'!D12 -> 0 | D12: ='Batch Test Results'!E12 -> 0 | E12: =IF(B12="","",MIN(3,MAX(0,C12))/3*40) | F12: =IF(B12="","",MAX(0,30-10*D12)) | H12: =IF(OR(B12="",G12=""),"",E12+F12+G12)
A13: ='Batch Test Results'!A13 -> 9 | B13: ='Batch Test Results'!B13 -> 0 | C13: ='Batch Test Results'!D13 -> 0 | D13: ='Batch Test Results'!E13 -> 0 | E13: =IF(B13="","",MIN(3,MAX(0,C13))/3*40) | F13: =IF(B13="","",MAX(0,30-10*D13)) | H13: =IF(OR(B13="",G13=""),"",E13+F13+G13)
A14: ='Batch Test Results'!A14 -> 10 | B14: ='Batch Test Results'!B14 -> 0 | C14: ='Batch Test Results'!D14 -> 0 | D14: ='Batch Test Results'!E14 -> 0 | E14: =IF(B14="","",MIN(3,MAX(0,C14))/3*40) | F14: =IF(B14="","",MAX(0,30-10*D14)) | H14: =IF(OR(B14="",G14=""),"",E14+F14+G14)
A15: ='Batch Test Results'!A15 -> 11 | B15: ='Batch Test Results'!B15 -> 0 | C15: ='Batch Test Results'!D15 -> 0 | D15: ='Batch Test Results'!E15 -> 0 | E15: =IF(B15="","",MIN(3,MAX(0,C15))/3*40) | F15: =IF(B15="","",MAX(0,30-10*D15)) | H15: =IF(OR(B15="",G15=""),"",E15+F15+G15)
A16: ='Batch Test Results'!A16 -> 12 | B16: ='Batch Test Results'!B16 -> 0 | C16: ='Batch Test Results'!D16 -> 0 | D16: ='Batch Test Results'!E16 -> 0 | E16: =IF(B16="","",MIN(3,MAX(0,C16))/3*40) | F16: =IF(B16="","",MAX(0,30-10*D16)) | H16: =IF(OR(B16="",G16=""),"",E16+F16+G16)
A17: ='Batch Test Results'!A17 -> 13 | B17: ='Batch Test Results'!B17 -> 0 | C17: ='Batch Test Results'!D17 -> 0 | D17: ='Batch Test Results'!E17 -> 0 | E17: =IF(B17="","",MIN(3,MAX(0,C17))/3*40) | F17: =IF(B17="","",MAX(0,30-10*D17)) | H17: =IF(OR(B17="",G17=""),"",E17+F17+G17)
A18: ='Batch Test Results'!A18 -> 14 | B18: ='Batch Test Results'!B18 -> 0 | C18: ='Batch Test Results'!D18 -> 0 | D18: ='Batch Test Results'!E18 -> 0 | E18: =IF(B18="","",MIN(3,MAX(0,C18))/3*40) | F18: =IF(B18="","",MAX(0,30-10*D18)) | H18: =IF(OR(B18="",G18=""),"",E18+F18+G18)
A19: ='Batch Test Results'!A19 -> 15 | B19: ='Batch Test Results'!B19 -> 0 | C19: ='Batch Test Results'!D19 -> 0 | D19: ='Batch Test Results'!E19 -> 0 | E19: =IF(B19="","",MIN(3,MAX(0,C19))/3*40) | F19: =IF(B19="","",MAX(0,30-10*D19)) | H19: =IF(OR(B19="",G19=""),"",E19+F19+G19)

Sheet My Independent Scoring
A1: My Independent Scoring: Day 2
A2: Your own score sheet; keep it private from co-judges while scoring. Yellow = you fill. Green = pulled in automatically.
A4: Rubric weights: No fabrication 30% | Positive controls 20% | Pattern score 20% | Explaining outcomes 20% | Runs end-to-end 5% | Live demo 5%
A6: Team # | B6: Team Name | C6: No-fabrication % (batch) | D6: Positive % (batch) | E6: Pattern Score (0-100) | F6: Explaining outcomes (0-100) | G6: Runs end-to-end (0 or 100) | H6: Live demo clarity (0-100) | I6: Weighted Total | J6: Rank | K6: Checkpoint Q asked | L6: Team's answer (brief) | M6: Judge notes | N6: Judge
A7: ='Batch Test Results'!A5 -> 1 | B7: ='Batch Test Results'!B5 -> Ananya | C7: =IFERROR('Batch Test Results'!O5,"") -> 100 | D7: =IFERROR('Batch Test Results'!T5,"") -> 100 | E7: =IFERROR('Pattern Score'!H5,"") -> 98 | F7: 95 | G7: 100 | H7: 90 | I7: =IF(B7="","",IFERROR(C7,0)*0.3+IFERROR(D7,0)*0.2+IFERROR(E7,0)*0.2+IFERROR(F7,0)*0.2+IFERROR(G7,0)*0.05+IFERROR(H7,0)*0.05) -> 98.1 | J7: =IF(I7="","",RANK(I7,$I$7:$I$21,0)) -> 1 | K7: Pick one row of your outcomes table and tell me why it came out that way. | L7: Walked through P5 (Room 214): both records mention it, but a room is reused by unrelated events, so the pattern was rejected. | M7: Clear Kind 1 vs Kind 2 reasoning, backed by data. Named the retrieval top-3 limit as the failure that remains. | N7: Jayanta (rehearsal)
A8: ='Batch Test Results'!A6 -> 2 | B8: ='Batch Test Results'!B6 -> Rahul | C8: =IFERROR('Batch Test Results'!O6,"") -> 66.666667 | D8: =IFERROR('Batch Test Results'!T6,"") -> 50 | E8: =IFERROR('Pattern Score'!H6,"") -> 23.333333 | F8: 30 | G8: 100 | H8: 55 | I8: =IF(B8="","",IFERROR(C8,0)*0.3+IFERROR(D8,0)*0.2+IFERROR(E8,0)*0.2+IFERROR(F8,0)*0.2+IFERROR(G8,0)*0.05+IFERROR(H8,0)*0.05) -> 48.416667 | J8: =IF(I8="","",RANK(I8,$I$7:$I$21,0)) -> 4 | K8: Why does P5 come back CONNECTED? | L8: Thought the LLM over-trusted the graph fact; had not looked at which pattern created the link. | M8: Four Kind 2 patterns adopted. Wrong diagnosis of the failures: the graph is doing exactly what the registry told it to. | N8: Jayanta (rehearsal)
A9: ='Batch Test Results'!A7 -> 3 | B9: ='Batch Test Results'!B7 -> Priya | C9: =IFERROR('Batch Test Results'!O7,"") -> 100 | D9: =IFERROR('Batch Test Results'!T7,"") -> 50 | E9: =IFERROR('Pattern Score'!H7,"") -> 65.333333 | F9: 75 | G9: 100 | H9: 75 | I9: =IF(B9="","",IFERROR(C9,0)*0.3+IFERROR(D9,0)*0.2+IFERROR(E9,0)*0.2+IFERROR(F9,0)*0.2+IFERROR(G9,0)*0.05+IFERROR(H9,0)*0.05) -> 76.816667 | J9: =IF(I9="","",RANK(I9,$I$7:$I$21,0)) -> 3 | K9: Which strings in the data did you not check? | L9: Admitted only looking at people; had not examined ticket or club codes. | M9: Strong restraint on Kind 2, but incomplete exploration of Kind 1. Honest about the gap. | N9: Jayanta (rehearsal)
A10: ='Batch Test Results'!A8 -> 4 | B10: ='Batch Test Results'!B8 -> Meera | C10: =IFERROR('Batch Test Results'!O8,"") -> 100 | D10: =IFERROR('Batch Test Results'!T8,"") -> 75 | E10: =IFERROR('Pattern Score'!H8,"") -> 82.666667 | F10: 85 | G10: 100 | H10: 80 | I10: =IF(B10="","",IFERROR(C10,0)*0.3+IFERROR(D10,0)*0.2+IFERROR(E10,0)*0.2+IFERROR(F10,0)*0.2+IFERROR(G10,0)*0.05+IFERROR(H10,0)*0.05) -> 87.533333 | J10: =IF(I10="","",RANK(I10,$I$7:$I$21,0)) -> 2 | K10: Why is Alumnus missing from your registry? | L10: Said she stopped exploring after finding Student, Club and Ticket, and only saw the gap when PP3 failed. | M10: Good restraint on Kind 2; incomplete Kind 1 exploration, honestly reported. Ran fine on the no-Neo4j starter and her own LLM provider. | N10: Jayanta (rehearsal)
A11: ='Batch Test Results'!A9 -> 5 | B11: ='Batch Test Results'!B9 -> 0 | C11: =IFERROR('Batch Test Results'!O9,"") | D11: =IFERROR('Batch Test Results'!T9,"") | E11: =IFERROR('Pattern Score'!H9,"") | I11: =IF(B11="","",IFERROR(C11,0)*0.3+IFERROR(D11,0)*0.2+IFERROR(E11,0)*0.2+IFERROR(F11,0)*0.2+IFERROR(G11,0)*0.05+IFERROR(H11,0)*0.05) | J11: =IF(I11="","",RANK(I11,$I$7:$I$21,0))
A12: ='Batch Test Results'!A10 -> 6 | B12: ='Batch Test Results'!B10 -> 0 | C12: =IFERROR('Batch Test Results'!O10,"") | D12: =IFERROR('Batch Test Results'!T10,"") | E12: =IFERROR('Pattern Score'!H10,"") | I12: =IF(B12="","",IFERROR(C12,0)*0.3+IFERROR(D12,0)*0.2+IFERROR(E12,0)*0.2+IFERROR(F12,0)*0.2+IFERROR(G12,0)*0.05+IFERROR(H12,0)*0.05) | J12: =IF(I12="","",RANK(I12,$I$7:$I$21,0))
A13: ='Batch Test Results'!A11 -> 7 | B13: ='Batch Test Results'!B11 -> 0 | C13: =IFERROR('Batch Test Results'!O11,"") | D13: =IFERROR('Batch Test Results'!T11,"") | E13: =IFERROR('Pattern Score'!H11,"") | I13: =IF(B13="","",IFERROR(C13,0)*0.3+IFERROR(D13,0)*0.2+IFERROR(E13,0)*0.2+IFERROR(F13,0)*0.2+IFERROR(G13,0)*0.05+IFERROR(H13,0)*0.05) | J13: =IF(I13="","",RANK(I13,$I$7:$I$21,0))
A14: ='Batch Test Results'!A12 -> 8 | B14: ='Batch Test Results'!B12 -> 0 | C14: =IFERROR('Batch Test Results'!O12,"") | D14: =IFERROR('Batch Test Results'!T12,"") | E14: =IFERROR('Pattern Score'!H12,"") | I14: =IF(B14="","",IFERROR(C14,0)*0.3+IFERROR(D14,0)*0.2+IFERROR(E14,0)*0.2+IFERROR(F14,0)*0.2+IFERROR(G14,0)*0.05+IFERROR(H14,0)*0.05) | J14: =IF(I14="","",RANK(I14,$I$7:$I$21,0))
A15: ='Batch Test Results'!A13 -> 9 | B15: ='Batch Test Results'!B13 -> 0 | C15: =IFERROR('Batch Test Results'!O13,"") | D15: =IFERROR('Batch Test Results'!T13,"") | E15: =IFERROR('Pattern Score'!H13,"") | I15: =IF(B15="","",IFERROR(C15,0)*0.3+IFERROR(D15,0)*0.2+IFERROR(E15,0)*0.2+IFERROR(F15,0)*0.2+IFERROR(G15,0)*0.05+IFERROR(H15,0)*0.05) | J15: =IF(I15="","",RANK(I15,$I$7:$I$21,0))
A16: ='Batch Test Results'!A14 -> 10 | B16: ='Batch Test Results'!B14 -> 0 | C16: =IFERROR('Batch Test Results'!O14,"") | D16: =IFERROR('Batch Test Results'!T14,"") | E16: =IFERROR('Pattern Score'!H14,"") | I16: =IF(B16="","",IFERROR(C16,0)*0.3+IFERROR(D16,0)*0.2+IFERROR(E16,0)*0.2+IFERROR(F16,0)*0.2+IFERROR(G16,0)*0.05+IFERROR(H16,0)*0.05) | J16: =IF(I16="","",RANK(I16,$I$7:$I$21,0))
A17: ='Batch Test Results'!A15 -> 11 | B17: ='Batch Test Results'!B15 -> 0 | C17: =IFERROR('Batch Test Results'!O15,"") | D17: =IFERROR('Batch Test Results'!T15,"") | E17: =IFERROR('Pattern Score'!H15,"") | I17: =IF(B17="","",IFERROR(C17,0)*0.3+IFERROR(D17,0)*0.2+IFERROR(E17,0)*0.2+IFERROR(F17,0)*0.2+IFERROR(G17,0)*0.05+IFERROR(H17,0)*0.05) | J17: =IF(I17="","",RANK(I17,$I$7:$I$21,0))
A18: ='Batch Test Results'!A16 -> 12 | B18: ='Batch Test Results'!B16 -> 0 | C18: =IFERROR('Batch Test Results'!O16,"") | D18: =IFERROR('Batch Test Results'!T16,"") | E18: =IFERROR('Pattern Score'!H16,"") | I18: =IF(B18="","",IFERROR(C18,0)*0.3+IFERROR(D18,0)*0.2+IFERROR(E18,0)*0.2+IFERROR(F18,0)*0.2+IFERROR(G18,0)*0.05+IFERROR(H18,0)*0.05) | J18: =IF(I18="","",RANK(I18,$I$7:$I$21,0))
A19: ='Batch Test Results'!A17 -> 13 | B19: ='Batch Test Results'!B17 -> 0 | C19: =IFERROR('Batch Test Results'!O17,"") | D19: =IFERROR('Batch Test Results'!T17,"") | E19: =IFERROR('Pattern Score'!H17,"") | I19: =IF(B19="","",IFERROR(C19,0)*0.3+IFERROR(D19,0)*0.2+IFERROR(E19,0)*0.2+IFERROR(F19,0)*0.2+IFERROR(G19,0)*0.05+IFERROR(H19,0)*0.05) | J19: =IF(I19="","",RANK(I19,$I$7:$I$21,0))
A20: ='Batch Test Results'!A18 -> 14 | B20: ='Batch Test Results'!B18 -> 0 | C20: =IFERROR('Batch Test Results'!O18,"") | D20: =IFERROR('Batch Test Results'!T18,"") | E20: =IFERROR('Pattern Score'!H18,"") | I20: =IF(B20="","",IFERROR(C20,0)*0.3+IFERROR(D20,0)*0.2+IFERROR(E20,0)*0.2+IFERROR(F20,0)*0.2+IFERROR(G20,0)*0.05+IFERROR(H20,0)*0.05) | J20: =IF(I20="","",RANK(I20,$I$7:$I$21,0))
A21: ='Batch Test Results'!A19 -> 15 | B21: ='Batch Test Results'!B19 -> 0 | C21: =IFERROR('Batch Test Results'!O19,"") | D21: =IFERROR('Batch Test Results'!T19,"") | E21: =IFERROR('Pattern Score'!H19,"") | I21: =IF(B21="","",IFERROR(C21,0)*0.3+IFERROR(D21,0)*0.2+IFERROR(E21,0)*0.2+IFERROR(F21,0)*0.2+IFERROR(G21,0)*0.05+IFERROR(H21,0)*0.05) | J21: =IF(I21="","",RANK(I21,$I$7:$I$21,0))
